{
    "read_files": [
        "Rpip_T4_trim.fastq"
    ],
    "expected_format": "U",
    "compatible_fragment_ratio": 1.0,
    "num_compatible_fragments": 5312441,
    "num_assigned_fragments": 5312441,
    "num_frags_with_concordant_consistent_mappings": 6265567,
    "num_frags_with_inconsistent_or_orphan_mappings": 0,
    "strand_mapping_bias": 0.5176634453035136,
    "MSF": 0,
    "OSF": 0,
    "ISF": 0,
    "MSR": 0,
    "OSR": 0,
    "ISR": 0,
    "SF": 3243455,
    "SR": 3022112,
    "MU": 0,
    "OU": 0,
    "IU": 0,
    "U": 0
}