{
    "read_files": [
        "Rpip_T3_trim.fastq"
    ],
    "expected_format": "U",
    "compatible_fragment_ratio": 1.0,
    "num_compatible_fragments": 4492063,
    "num_assigned_fragments": 4492063,
    "num_frags_with_concordant_consistent_mappings": 5239904,
    "num_frags_with_inconsistent_or_orphan_mappings": 0,
    "strand_mapping_bias": 0.5250479779782225,
    "MSF": 0,
    "OSF": 0,
    "ISF": 0,
    "MSR": 0,
    "OSR": 0,
    "ISR": 0,
    "SF": 2751201,
    "SR": 2488703,
    "MU": 0,
    "OU": 0,
    "IU": 0,
    "U": 0
}