{
    "read_files": [
        "Rpip_T2_trim.fastq"
    ],
    "expected_format": "U",
    "compatible_fragment_ratio": 1.0,
    "num_compatible_fragments": 6144041,
    "num_assigned_fragments": 6144041,
    "num_frags_with_concordant_consistent_mappings": 7282836,
    "num_frags_with_inconsistent_or_orphan_mappings": 0,
    "strand_mapping_bias": 0.5193130807833651,
    "MSF": 0,
    "OSF": 0,
    "ISF": 0,
    "MSR": 0,
    "OSR": 0,
    "ISR": 0,
    "SF": 3782072,
    "SR": 3500764,
    "MU": 0,
    "OU": 0,
    "IU": 0,
    "U": 0
}