{
    "read_files": [
        "Rpip_C2_trim.fastq"
    ],
    "expected_format": "U",
    "compatible_fragment_ratio": 1.0,
    "num_compatible_fragments": 5619903,
    "num_assigned_fragments": 5619903,
    "num_frags_with_concordant_consistent_mappings": 6751783,
    "num_frags_with_inconsistent_or_orphan_mappings": 0,
    "strand_mapping_bias": 0.5233577560179289,
    "MSF": 0,
    "OSF": 0,
    "ISF": 0,
    "MSR": 0,
    "OSR": 0,
    "ISR": 0,
    "SF": 3533598,
    "SR": 3218185,
    "MU": 0,
    "OU": 0,
    "IU": 0,
    "U": 0
}