{
    "read_files": [
        "Rpip_C5_trim.fastq"
    ],
    "expected_format": "U",
    "compatible_fragment_ratio": 1.0,
    "num_compatible_fragments": 5969964,
    "num_assigned_fragments": 5969964,
    "num_frags_with_concordant_consistent_mappings": 7438221,
    "num_frags_with_inconsistent_or_orphan_mappings": 0,
    "strand_mapping_bias": 0.565730300296267,
    "MSF": 0,
    "OSF": 0,
    "ISF": 0,
    "MSR": 0,
    "OSR": 0,
    "ISR": 0,
    "SF": 4208027,
    "SR": 3230194,
    "MU": 0,
    "OU": 0,
    "IU": 0,
    "U": 0
}