{
    "read_files": [
        "Rpip_C4_trim.fastq"
    ],
    "expected_format": "U",
    "compatible_fragment_ratio": 1.0,
    "num_compatible_fragments": 6043646,
    "num_assigned_fragments": 6043646,
    "num_frags_with_concordant_consistent_mappings": 7309581,
    "num_frags_with_inconsistent_or_orphan_mappings": 0,
    "strand_mapping_bias": 0.5289170473656425,
    "MSF": 0,
    "OSF": 0,
    "ISF": 0,
    "MSR": 0,
    "OSR": 0,
    "ISR": 0,
    "SF": 3866162,
    "SR": 3443419,
    "MU": 0,
    "OU": 0,
    "IU": 0,
    "U": 0
}