{
    "salmon_version": "0.11.3",
    "samp_type": "none",
    "opt_type": "vb",
    "quant_errors": [],
    "num_libraries": 1,
    "library_types": [
        "U"
    ],
    "frag_dist_length": 1001,
    "seq_bias_correct": false,
    "gc_bias_correct": false,
    "num_bias_bins": 4096,
    "mapping_type": "mapping",
    "num_targets": 647051,
    "serialized_eq_classes": false,
    "eq_class_properties": [],
    "length_classes": [
        269,
        473,
        928,
        2098,
        32759
    ],
    "index_seq_hash": "b827e276819b0866adc7ea7a9b679fd57964c67e5522ac41ad431c75aab7ce8e",
    "index_name_hash": "1ca527be6635c788cfd8e768feeda7971d305c57b38cd947ac6cd6641c629cbe",
    "index_seq_hash512": "4d8634f019a95d593868cad13be1a8fa4d8585284e779c958e7f0731d38387c46314faf8afbb96f3c12a16556d13d69cdeaa4d7dad2a85cae7b489d27f9c2dac",
    "index_name_hash512": "50297dafd1c7447d02eefa4ca919b4e7ad28e5429cc6e4cc262db5d9b9ca6ed957a2e6de21828dec2b5125eeabbc27e6f676e71dadf6065d05705be1564898fc",
    "num_bootstraps": 0,
    "num_processed": 7582221,
    "num_mapped": 6144041,
    "percent_mapped": 81.0322067900685,
    "call": "quant",
    "start_time": "Thu Mar 14 16:34:07 2019",
    "end_time": "Thu Mar 14 16:34:59 2019"
}